cultivo_nombre,anio,campania,provincia_nombre,provincia_id,departamento_nombre,departamento_id,superficie_sembrada_ha,superficie_cosechada_ha,produccion_tm,rendimiento_kgxha
mijo,1935,1935-1936,Buenos Aires,06,Adolfo Alsina,06007,500,400,320,800
mijo,1935,1935-1936,Buenos Aires,06,Puán,06651,400,350,280,800
mijo,1935,1935-1936,Córdoba,14,Unión,14182,4100,3160,4740,1500
mijo,1935,1935-1936,Córdoba,14,General San Martín,14042,3400,2400,3600,1500
mijo,1935,1935-1936,Córdoba,14,Marcos Juárez,14063,2880,2160,3240,1500
mijo,1935,1935-1936,Córdoba,14,San Justo,14140,2000,2000,3000,1500
mijo,1935,1935-1936,Córdoba,14,General Belgrano,14007,1900,1400,2100,1500
mijo,1935,1935-1936,Córdoba,14,Río Segundo,14119,1200,1200,1800,1500
mijo,1935,1935-1936,Córdoba,14,Río Primero,14105,600,600,900,1500
mijo,1935,1935-1936,Córdoba,14,Colón,14021,400,400,400,1000
mijo,1935,1935-1936,Córdoba,14,Santa María,14147,400,400,400,1000
mijo,1935,1935-1936,La Pampa,42,Conhelo,42035,4,4,2.8,700
mijo,1935,1935-1936,La Pampa,42,Capital,42021,3,3,2.1,700
mijo,1935,1935-1936,La Pampa,42,Maracó,42105,2,2,1.4,700
mijo,1935,1935-1936,La Pampa,42,Toay,42140,1,1,0.7,700
mijo,1935,1935-1936,Santa Fe,82,Castellanos,82021,5150,4120,3502,850
mijo,1935,1935-1936,Santa Fe,82,Las Colonias,82070,1330,1060,901,850
mijo,1935,1935-1936,Santa Fe,82,Capital,82063,290,200,160,800
mijo,1935,1935-1936,Santa Fe,82,San Martín,82126,270,270,270,1000
mijo,1935,1935-1936,Santa Fe,82,San Cristóbal,82091,170,140,119,850
mijo,1935,1935-1936,Santa Fe,82,San Justo,82112,150,120,102,850
mijo,1935,1935-1936,Santa Fe,82,Belgrano,82007,60,60,60,1000
mijo,1935,1935-1936,Santa Fe,82,Iriondo,82056,30,30,30,1000
mijo,1935,1935-1936,Santa Fe,82,Caseros,82014,10,10,10,1000
mijo,1935,1935-1936,Santa Fe,82,San Jerónimo,82105,10,10,10,1000
mijo,1936,1936-1937,Buenos Aires,06,Adolfo Alsina,06007,2624,1415,683,483
mijo,1936,1936-1937,Buenos Aires,06,Puán,06651,799,315,146,463
mijo,1936,1936-1937,Buenos Aires,06,Trenque Lauquen,06826,229,,,
mijo,1936,1936-1937,Buenos Aires,06,General Villegas,06392,162,50,9,180
mijo,1936,1936-1937,Buenos Aires,06,Coronel Suárez,06203,78,15,10,667
mijo,1936,1936-1937,Buenos Aires,06,Bahía Blanca,06056,70,,,
mijo,1936,1936-1937,Buenos Aires,06,Saavedra,06700,38,33,7,212
mijo,1936,1936-1937,Buenos Aires,06,Carlos Tejedor,06154,35,,,
mijo,1936,1936-1937,Buenos Aires,06,Pellegrini,06616,24,24,5,208
mijo,1936,1936-1937,Buenos Aires,06,Coronel Dorrego,06189,23,,,
mijo,1936,1936-1937,Buenos Aires,06,Balcarce,06063,20,20,11,550
mijo,1936,1936-1937,Buenos Aires,06,General La Madrid,06322,20,,,
mijo,1936,1936-1937,Buenos Aires,06,Junín,06413,15,15,15,1000
mijo,1936,1936-1937,Buenos Aires,06,Caseros,06840,10,10,1,100
mijo,1936,1936-1937,Buenos Aires,06,General Pinto,06351,8,8,3,375
mijo,1936,1936-1937,Buenos Aires,06,Magdalena,06505,8,,,
mijo,1936,1936-1937,Buenos Aires,06,Rivadavia,06679,6,6,1,167
mijo,1936,1936-1937,Buenos Aires,06,Patagones,06602,2,,,
mijo,1936,1936-1937,Buenos Aires,06,Pehuajó,06609,2,,,
mijo,1936,1936-1937,Buenos Aires,06,General Arenales,06294,1,,,
mijo,1936,1936-1937,Buenos Aires,06,Guaminí,06399,1,1,1,1000
mijo,1936,1936-1937,Córdoba,14,San Justo,14140,5183,3998,4390,1098
mijo,1936,1936-1937,Córdoba,14,Unión,14182,1605,1293,1059,819
mijo,1936,1936-1937,Córdoba,14,Río Primero,14105,1513,946,458,484
mijo,1936,1936-1937,Córdoba,14,General San Martín,14042,1421,1178,964,818
mijo,1936,1936-1937,Córdoba,14,Marcos Juárez,14063,1231,1149,1391,1210
mijo,1936,1936-1937,Córdoba,14,Juárez Celman,14056,1066,878,798,909
mijo,1936,1936-1937,Córdoba,14,General Belgrano,14007,925,702,359,511
mijo,1936,1936-1937,Córdoba,14,Río Segundo,14119,889,662,546,825
mijo,1936,1936-1937,Córdoba,14,Río Cuarto,14098,666,577,408,707
mijo,1936,1936-1937,Córdoba,14,Capital,14014,32,12,13,1083
mijo,1936,1936-1937,Córdoba,14,Calamuchita,14007,20,20,14,700
mijo,1936,1936-1937,Córdoba,14,Sobremonte,14154,12,,,
mijo,1936,1936-1937,Córdoba,14,Santa María,14147,11,11,4,364
mijo,1936,1936-1937,Córdoba,14,Totoral,14168,7,,,
mijo,1936,1936-1937,Córdoba,14,General Roca,14035,3,3,1,333
mijo,1936,1936-1937,Córdoba,14,Tulumba,14175,3,3,1,333
mijo,1936,1936-1937,Córdoba,14,Cruz del Eje,14028,2,,,
mijo,1936,1936-1937,Corrientes,18,General Paz,18063,27,25,12,480
mijo,1936,1936-1937,Corrientes,18,Empedrado,18042,19,19,10,526
mijo,1936,1936-1937,Corrientes,18,Goya,18070,8,8,5,625
mijo,1936,1936-1937,Corrientes,18,San Luis del Palmar,18140,4,4,2,500
mijo,1936,1936-1937,Corrientes,18,San Miguel,18154,3,,,
mijo,1936,1936-1937,Corrientes,18,Bella Vista,18007,2,2,2,1000
mijo,1936,1936-1937,Chaco,22,Napalpí,22049,161,79,18,228
mijo,1936,1936-1937,Chaco,22,Campo del Cielo,22105,103,41,19,463
mijo,1936,1936-1937,Chaco,22,Río Teuco,22063,18,18,2,111
mijo,1936,1936-1937,Chaco,22,Coronel Martínez de Hoz,22084,16,16,7,437
mijo,1936,1936-1937,Chaco,22,Resistencia,22140,10,10,5,500
mijo,1936,1936-1937,Chaco,22,Tapenagá,22161,7,,,
mijo,1936,1936-1937,Formosa,34,Pirané,34056,22,11,9,818
mijo,1936,1936-1937,La Pampa,42,Guatraché,42070,4330,2697,1326,492
mijo,1936,1936-1937,La Pampa,42,Hucal,42077,524,199,65,327
mijo,1936,1936-1937,La Pampa,42,Atreucó,42007,344,60,17,283
mijo,1936,1936-1937,La Pampa,42,Conhelo,42035,267,35,10,286
mijo,1936,1936-1937,La Pampa,42,Realicó,42133,187,103,14,136
mijo,1936,1936-1937,La Pampa,42,Trenel,42147,119,61,14,229
mijo,1936,1936-1937,La Pampa,42,Capital,42021,66,25,7,280
mijo,1936,1936-1937,La Pampa,42,Chapaleufú,42056,39,19,5,263
mijo,1936,1936-1937,La Pampa,42,Toay,42140,34,,,
mijo,1936,1936-1937,La Pampa,42,Loventué,42098,24,,,
mijo,1936,1936-1937,La Pampa,42,Rancul,42126,14,6,3,500
mijo,1936,1936-1937,La Pampa,42,Maracó,42105,9,9,2,222
mijo,1936,1936-1937,Misiones,54,San Javier,54105,47,36,33,917
mijo,1936,1936-1937,Misiones,54,Candelaria,54021,33,23,12,522
mijo,1936,1936-1937,Misiones,54,Cainguás,54014,20,3,3,1000
mijo,1936,1936-1937,Misiones,54,San Ignacio,54098,5,,,
mijo,1936,1936-1937,San Luis,74,General Pedernera,74035,63,16,5,312
mijo,1936,1936-1937,San Luis,74,Chacabuco,74028,2,,,
mijo,1936,1936-1937,Santa Fe,82,Castellanos,82021,2500,2069,1512,731
mijo,1936,1936-1937,Santa Fe,82,San Martín,82126,840,652,471,722
mijo,1936,1936-1937,Santa Fe,82,Las Colonias,82070,540,473,349,738
mijo,1936,1936-1937,Santa Fe,82,San Cristóbal,82091,393,282,204,723
mijo,1936,1936-1937,Santa Fe,82,9 de Julio,82077,225,10,1,100
mijo,1936,1936-1937,Santa Fe,82,Belgrano,82007,70,58,46,793
mijo,1936,1936-1937,Santa Fe,82,Caseros,82014,58,42,44,1048
mijo,1936,1936-1937,Santa Fe,82,San Javier,82098,13,13,4,308
mijo,1936,1936-1937,Santa Fe,82,General López,82042,10,10,7,700
mijo,1936,1936-1937,Santa Fe,82,Constitución,82028,7,7,7,1000
mijo,1936,1936-1937,Santa Fe,82,General Obligado,82049,7,,,
mijo,1936,1936-1937,Santa Fe,82,Iriondo,82056,7,7,12,1714
mijo,1936,1936-1937,Santa Fe,82,San Jerónimo,82105,5,5,5,1000
mijo,1936,1936-1937,Santa Fe,82,San Justo,82112,4,,,
mijo,1936,1936-1937,Santa Fe,82,Vera,82133,4,4,5,1250
mijo,1936,1936-1937,Santa Fe,82,Capital,82063,3,2,1,500
mijo,1936,1936-1937,Santa Fe,82,Rosario,82084,3,3,2,667
mijo,1936,1936-1937,Santiago del Estero,86,Rivadavia,86154,295,87,30,345
mijo,1936,1936-1937,Santiago del Estero,86,Belgrano,86042,111,50,3,60
mijo,1936,1936-1937,Santiago del Estero,86,28 de Marzo,86077,12,,,
mijo,1936,1936-1937,Santiago del Estero,86,Matará,86098,10,10,5,500
mijo,1936,1936-1937,Santiago del Estero,86,Robles,86161,6,,,
mijo,1936,1936-1937,Santiago del Estero,86,Figueroa,86070,2,,,
mijo,1936,1936-1937,Tucumán,90,Monteros,90070,6,3,4,1333
mijo,1936,1936-1937,Tucumán,90,Chicligasta,90021,4,4,5,1125
mijo,1937,1937-1938,Buenos Aires,06,Adolfo Alsina,06007,300,,,
mijo,1937,1937-1938,Buenos Aires,06,Puán,06651,200,,,
mijo,1937,1937-1938,Córdoba,14,San Justo,14140,55215,24925,19940,800
mijo,1937,1937-1938,Córdoba,14,Tercero Arriba,14161,2800,550,396,720
mijo,1937,1937-1938,Córdoba,14,Tercero Abajo,14042,2600,500,360,720
mijo,1937,1937-1938,Córdoba,14,Unión,14182,2000,350,245,700
mijo,1937,1937-1938,Córdoba,14,Río Segundo,14119,1850,200,132,660
mijo,1937,1937-1938,La Pampa,42,Guatraché,42070,1800,,,
mijo,1937,1937-1938,Córdoba,14,Marcos Juárez,14063,1500,285,199.5,700
mijo,1937,1937-1938,Córdoba,14,Río Primero,14105,600,550,770,1400
mijo,1937,1937-1938,Córdoba,14,Colón,14021,400,300,390,1300
mijo,1937,1937-1938,La Pampa,42,Catriló,42028,400,,,
mijo,1937,1937-1938,La Pampa,42,Atreucó,42007,250,,,
mijo,1937,1937-1938,La Pampa,42,Conhelo,42035,160,,,
mijo,1937,1937-1938,La Pampa,42,Chapaleufú,42056,100,,,
mijo,1937,1937-1938,La Pampa,42,Quemú Quemú,42119,100,,,
mijo,1937,1937-1938,La Pampa,42,Capital,42021,70,,,
mijo,1937,1937-1938,La Pampa,42,Utracán,42154,50,,,
mijo,1937,1937-1938,Córdoba,14,Totoral,14168,20,20,22,1100
mijo,1937,1937-1938,La Pampa,42,Toay,42140,10,,,
mijo,1937,1937-1938,Santa Fe,82,Castellanos,82021,24526,14735,13261,900
mijo,1937,1937-1938,Santa Fe,82,San Cristóbal,82091,9000,4500,6200,1377
mijo,1937,1937-1938,Santa Fe,82,San Martín,82126,6580,5525,6630,1200
mijo,1937,1937-1938,Santa Fe,82,Las Colonias,82070,6500,4300,5160,1200
mijo,1937,1937-1938,Santa Fe,82,San Jerónimo,82105,600,330,330,1000
mijo,1937,1937-1938,Santa Fe,82,General López,82042,340,244,341,1400
mijo,1937,1937-1938,Santa Fe,82,Capital,82063,200,160,101,630
mijo,1937,1937-1938,Santa Fe,82,Caseros,82014,115,75,103,1373
mijo,1938,1938-1939,Buenos Aires,06,Adolfo Alsina,06007,400,,,
mijo,1938,1938-1939,Buenos Aires,06,Puán,06651,200,,,
mijo,1938,1938-1939,Buenos Aires,06,Bahía Blanca,06056,100,,,
mijo,1938,1938-1939,Buenos Aires,06,Saavedra,06700,50,,,
mijo,1938,1938-1939,Córdoba,14,San Justo,14140,23000,16800,21840,1300
mijo,1938,1938-1939,Córdoba,14,Río Primero,14105,8900,5500,4000,727
mijo,1938,1938-1939,Córdoba,14,Tercero Arriba,14161,3000,2500,3000,1200
mijo,1938,1938-1939,Córdoba,14,Río Segundo,14119,2600,2200,2420,1100
mijo,1938,1938-1939,Córdoba,14,Tercero Abajo,14042,2500,2200,2640,1100
mijo,1938,1938-1939,Córdoba,14,Colón,14021,300,200,160,800
mijo,1938,1938-1939,Córdoba,14,Totoral,14168,200,100,90,900
mijo,1938,1938-1939,Córdoba,14,Río Seco,14112,100,40,24,600
mijo,1938,1938-1939,La Pampa,42,,,2500,2000,1400,700
mijo,1938,1938-1939,Santa Fe,82,Castellanos,82021,20000,16000,20800,1300
mijo,1938,1938-1939,Santa Fe,82,San Martín,82126,13000,10000,13000,1300
mijo,1938,1938-1939,Santa Fe,82,San Cristóbal,82091,11000,8500,5300,623
mijo,1938,1938-1939,Santa Fe,82,Las Colonias,82070,8000,6000,6600,1100
mijo,1938,1938-1939,Santa Fe,82,Belgrano,82007,2400,2400,3300,1375
mijo,1938,1938-1939,Santa Fe,82,San Jerónimo,82105,2000,1500,1800,1200
mijo,1938,1938-1939,Santa Fe,82,Iriondo,82056,1900,1900,2470,1300
mijo,1938,1938-1939,Santa Fe,82,9 de Julio,82077,1500,1200,560,467
mijo,1938,1938-1939,Santa Fe,82,San Lorenzo,82119,300,300,390,1300
mijo,1938,1938-1939,Santa Fe,82,General López,82042,248,232,282,1216
mijo,1938,1938-1939,Santa Fe,82,Caseros,82014,72,67,76,1141
mijo,1938,1938-1939,Santa Fe,82,Rosario,82084,25,25,25,1000
mijo,1938,1938-1939,Santa Fe,82,Constitución,82028,5,5,5,1000
mijo,1938,1938-1939,Santiago del Estero,86,,,436,147,38,258
mijo,1939,1939-1940,Buenos Aires,06,Adolfo Alsina,06007,1400,400,560,1400
mijo,1939,1939-1940,Buenos Aires,06,Puán,06651,110,,,
mijo,1939,1939-1940,Buenos Aires,06,Tornquist,06819,50,,,
mijo,1939,1939-1940,Buenos Aires,06,otros departamentos,,30,30,15,500
mijo,1939,1939-1940,Buenos Aires,06,Villarino,06875,20,,,
mijo,1939,1939-1940,Buenos Aires,06,Bahía Blanca,06056,10,,,
mijo,1939,1939-1940,Córdoba,14,Unión,14182,20000,20000,13000,650
mijo,1939,1939-1940,Córdoba,14,Marcos Juárez,14063,18000,18000,14400,800
mijo,1939,1939-1940,Córdoba,14,San Justo,14140,12000,2400,1200,500
mijo,1939,1939-1940,Córdoba,14,Río Cuarto,14098,5000,4000,4000,1000
mijo,1939,1939-1940,Córdoba,14,Tercero Abajo,14042,4200,3550,4082,1150
mijo,1939,1939-1940,Córdoba,14,Río Primero,14105,4000,1100,550,500
mijo,1939,1939-1940,Córdoba,14,Río Segundo,14119,3600,600,300,500
mijo,1939,1939-1940,Córdoba,14,Tercero Arriba,14161,3600,2770,3047,1100
mijo,1939,1939-1940,Córdoba,14,Juárez Celman,14056,2000,1600,1600,1000
mijo,1939,1939-1940,Córdoba,14,Presidente Roque Sáenz Peña,14084,100,70,70,1000
mijo,1939,1939-1940,Córdoba,14,General Roca,14035,80,60,54,900
mijo,1939,1939-1940,Corrientes,18,General Paz,18063,20,20,14,700
mijo,1939,1939-1940,Corrientes,18,Empedrado,18042,15,15,12,800
mijo,1939,1939-1940,Corrientes,18,Goya,18070,8,8,4,500
mijo,1939,1939-1940,Corrientes,18,San Luis del Palmar,18140,5,5,3,600
mijo,1939,1939-1940,Corrientes,18,Bella Vista,18007,2,2,2,1000
mijo,1939,1939-1940,Corrientes,18,San Miguel,18154,2,2,1,500
mijo,1939,1939-1940,Chaco,22,2 de Abril,22039,315,164,51,311
mijo,1939,1939-1940,La Pampa,42,Guatraché,42070,2500,2000,1400,700
mijo,1939,1939-1940,San Luis,74,General Pedernera,74035,350,150,105,700
mijo,1939,1939-1940,San Luis,74,Chacabuco,74028,300,150,105,700
mijo,1939,1939-1940,San Luis,74,Coronel Pringles,74021,100,30,21,700
mijo,1939,1939-1940,Santa Fe,82,Castellanos,82021,20000,18000,28800,1600
mijo,1939,1939-1940,Santa Fe,82,San Martín,82126,13000,8000,12800,1600
mijo,1939,1939-1940,Santa Fe,82,Las Colonias,82070,7000,4500,7200,1600
mijo,1939,1939-1940,Santa Fe,82,San Cristóbal,82091,7000,5000,3000,600
mijo,1939,1939-1940,Santa Fe,82,San Jerónimo,82105,4000,2500,4100,1640
mijo,1939,1939-1940,Santa Fe,82,Iriondo,82056,1100,1100,1485,1350
mijo,1939,1939-1940,Santa Fe,82,Belgrano,82007,980,980,1274,1300
mijo,1939,1939-1940,Santa Fe,82,9 de Julio,82077,500,500,150,300
mijo,1939,1939-1940,Santa Fe,82,General López,82042,310,310,365,1180
mijo,1939,1939-1940,Santa Fe,82,San Lorenzo,82119,130,130,146,1200
mijo,1939,1939-1940,Santa Fe,82,Caseros,82014,103,103,105,1025
mijo,1939,1939-1940,Santa Fe,82,Rosario,82084,20,20,20,1000
mijo,1939,1939-1940,Santa Fe,82,Constitución,82028,7,7,7,1000
mijo,1939,1939-1940,Santiago del Estero,86,Rivadavia,86154,360,320,170,530
mijo,1939,1939-1940,Santiago del Estero,86,Belgrano,86042,90,60,25,420
mijo,1940,1940-1941,Buenos Aires,06,Adolfo Alsina,06007,1000,800,560,700
mijo,1940,1940-1941,Buenos Aires,06,Puán,06651,200,150,90,600
mijo,1940,1940-1941,Buenos Aires,06,Bahía Blanca,06056,20,10,6,600
mijo,1940,1940-1941,Córdoba,14,Río Cuarto,14098,5000,3000,3000,1000
mijo,1940,1940-1941,Córdoba,14,Río Segundo,14119,3000,2100,1050,500
mijo,1940,1940-1941,Córdoba,14,Tercero Abajo,14042,2500,700,840,1200
mijo,1940,1940-1941,Córdoba,14,Juárez Celman,14056,2000,1200,1200,1000
mijo,1940,1940-1941,Córdoba,14,Tercero Arriba,14161,1900,500,550,1100
mijo,1940,1940-1941,Córdoba,14,Unión,14182,1180,1180,944,800
mijo,1940,1940-1941,Córdoba,14,Marcos Juárez,14063,800,800,640,800
mijo,1940,1940-1941,Córdoba,14,Calamuchita,14007,600,500,200,400
mijo,1940,1940-1941,Córdoba,14,Santa María,14147,200,120,48,400
mijo,1940,1940-1941,Córdoba,14,Presidente Roque Sáenz Peña,14084,100,70,70,1000
mijo,1940,1940-1941,Córdoba,14,General Roca,14035,80,60,54,900
mijo,1940,1940-1941,Corrientes,18,Empedrado,18042,15,15,15,1000
mijo,1940,1940-1941,Corrientes,18,General Paz,18063,15,15,13,900
mijo,1940,1940-1941,Corrientes,18,San Luis del Palmar,18140,8,8,7,900
mijo,1940,1940-1941,Corrientes,18,San Miguel,18154,5,5,5,1000
mijo,1940,1940-1941,Chaco,22,Napalpí,22049,200,120,48,400
mijo,1940,1940-1941,Chaco,22,Campo del Cielo,22105,120,90,33.3,370
mijo,1940,1940-1941,Chaco,22,Río Teuco,22063,40,32,6.4,200
mijo,1940,1940-1941,Chaco,22,Resistencia,22140,30,25,12.5,500
mijo,1940,1940-1941,Chaco,22,Coronel Martínez de Hoz,22084,20,15,6,400
mijo,1940,1940-1941,Chaco,22,Tapenagá,22161,20,8,3.4,420
mijo,1940,1940-1941,Chaco,22,Bermejo,22014,6,3,0.4,120
mijo,1940,1940-1941,Chaco,22,Tobas,22091,6,4,0.4,105
mijo,1940,1940-1941,La Pampa,42,Guatraché,42070,2000,1000,900,900
mijo,1940,1940-1941,La Pampa,42,otros departamentos,,2000,1000,900,900
mijo,1940,1940-1941,San Luis,74,General Pedernera,74035,400,210,147,700
mijo,1940,1940-1941,San Luis,74,Chacabuco,74028,300,150,105,700
mijo,1940,1940-1941,San Luis,74,Coronel Pringles,74021,150,70,49,700
mijo,1940,1940-1941,Santa Fe,82,Castellanos,82021,15000,7000,10500,1500
mijo,1940,1940-1941,Santa Fe,82,San Martín,82126,10000,5000,7500,1500
mijo,1940,1940-1941,Santa Fe,82,Las Colonias,82070,6000,3000,4500,1500
mijo,1940,1940-1941,Santa Fe,82,San Cristóbal,82091,5000,2000,2400,1200
mijo,1940,1940-1941,Santa Fe,82,San Jerónimo,82105,3000,1000,1500,1500
mijo,1940,1940-1941,Santa Fe,82,Iriondo,82056,978,978,1125,1150
mijo,1940,1940-1941,Santa Fe,82,Belgrano,82007,893,893,1072,1200
mijo,1940,1940-1941,Santa Fe,82,9 de Julio,82077,500,300,240,800
mijo,1940,1940-1941,Santa Fe,82,San Lorenzo,82119,246,246,295,1200
mijo,1940,1940-1941,Santa Fe,82,General López,82042,110,90,74,830
mijo,1940,1940-1941,Santa Fe,82,Caseros,82014,85,70,64,915
mijo,1940,1940-1941,Santa Fe,82,Rosario,82084,20,15,15,1000
mijo,1940,1940-1941,Santa Fe,82,Constitución,82028,10,5,5,1000
mijo,1940,1940-1941,Santiago del Estero,86,Rivadavia,86154,350,325,260,800
mijo,1940,1940-1941,Santiago del Estero,86,Belgrano,86042,150,135,108,800
mijo,1941,1941-1942,Buenos Aires,06,Adolfo Alsina,06007,500,200,200,1000
mijo,1941,1941-1942,Buenos Aires,06,Puán,06651,300,100,100,1000
mijo,1941,1941-1942,Buenos Aires,06,9 de Julio,06588,30,15,9,600
mijo,1941,1941-1942,Buenos Aires,06,General Viamonte,06385,25,10,5,500
mijo,1941,1941-1942,Buenos Aires,06,Chivilcoy,06224,20,20,11,550
mijo,1941,1941-1942,Buenos Aires,06,Alberti,06021,15,15,10,700
mijo,1941,1941-1942,Buenos Aires,06,Bragado,06112,5,5,3,700
mijo,1941,1941-1942,Buenos Aires,06,Mercedes,06532,5,,,
mijo,1941,1941-1942,Buenos Aires,06,Suipacha,06784,1,,,
mijo,1941,1941-1942,Córdoba,14,Río Cuarto,14098,12000,10000,8000,800
mijo,1941,1941-1942,Córdoba,14,Juárez Celman,14056,9000,7200,5760,800
mijo,1941,1941-1942,Córdoba,14,Río Segundo,14119,3000,1500,600,400
mijo,1941,1941-1942,Córdoba,14,Tercero Arriba,14161,1300,320,384,1200
mijo,1941,1941-1942,Córdoba,14,Tercero Abajo,14042,1100,200,240,1200
mijo,1941,1941-1942,Córdoba,14,Calamuchita,14007,600,400,120,300
mijo,1941,1941-1942,Córdoba,14,Santa María,14147,150,75,22,300
mijo,1941,1941-1942,Córdoba,14,General Roca,14035,120,60,42,700
mijo,1941,1941-1942,Córdoba,14,Presidente Roque Sáenz Peña,14084,110,70,49,700
mijo,1941,1941-1942,Córdoba,14,Río Primero,14105,100,40,16,400
mijo,1941,1941-1942,Córdoba,14,Colón,14021,5,,,
mijo,1941,1941-1942,Córdoba,14,Ischilín,14049,4,,,
mijo,1941,1941-1942,Chaco,22,Napalpí,22049,230,200,82,410
mijo,1941,1941-1942,Chaco,22,Campo del Cielo,22105,100,80,32,400
mijo,1941,1941-1942,Chaco,22,Coronel Martínez de Hoz,22084,30,25,10,400
mijo,1941,1941-1942,Chaco,22,Tapenagá,22161,30,15,6,400
mijo,1941,1941-1942,Chaco,22,Resistencia,22140,25,20,9,450
mijo,1941,1941-1942,Chaco,22,Río Teuco,22063,20,12,2.64,220
mijo,1941,1941-1942,Chaco,22,Bermejo,22014,5,1,0.2,200
mijo,1941,1941-1942,La Pampa,42,Guatraché,42070,2000,,,
mijo,1941,1941-1942,La Pampa,42,Atreucó,42007,100,,,
mijo,1941,1941-1942,La Pampa,42,Chapaleufú,42056,100,,,
mijo,1941,1941-1942,La Pampa,42,Hucal,42077,100,,,
mijo,1941,1941-1942,La Pampa,42,Realicó,42133,100,,,
mijo,1941,1941-1942,La Pampa,42,Conhelo,42035,50,,,
mijo,1941,1941-1942,La Pampa,42,Capital,42021,20,,,
mijo,1941,1941-1942,San Luis,74,General Pedernera,74035,300,150,105,700
mijo,1941,1941-1942,San Luis,74,Chacabuco,74028,200,100,70,700
mijo,1941,1941-1942,San Luis,74,Coronel Pringles,74021,100,50,35,700
mijo,1941,1941-1942,San Luis,74,Junín,74049,10,5,3.5,700
mijo,1941,1941-1942,Santa Fe,82,Castellanos,82021,15000,7000,10500,1500
mijo,1941,1941-1942,Santa Fe,82,San Martín,82126,10000,5000,7500,1500
mijo,1941,1941-1942,Santa Fe,82,Las Colonias,82070,4000,1200,1680,1400
mijo,1941,1941-1942,Santa Fe,82,San Cristóbal,82091,4000,1000,1200,1200
mijo,1941,1941-1942,Santa Fe,82,San Jerónimo,82105,2000,500,750,1500
mijo,1941,1941-1942,Santa Fe,82,9 de Julio,82077,500,100,130,1300
mijo,1941,1941-1942,Santa Fe,82,Belgrano,82007,220,180,288,1600
mijo,1941,1941-1942,Santa Fe,82,Iriondo,82056,160,130,215,1650
mijo,1941,1941-1942,Santa Fe,82,Capital,82063,100,,,
mijo,1941,1941-1942,Santa Fe,82,General López,82042,52,39,33,850
mijo,1941,1941-1942,Santa Fe,82,San Lorenzo,82119,40,30,50,1650
mijo,1941,1941-1942,Santa Fe,82,Caseros,82014,38,28,36,1300
mijo,1941,1941-1942,Santiago del Estero,86,Rivadavia,86154,350,320,256,800
mijo,1941,1941-1942,Santiago del Estero,86,Belgrano,86042,200,180,144,800
mijo,1942,1942-1943,Buenos Aires,06,Adolfo Alsina,06007,4800,,,
mijo,1942,1942-1943,Buenos Aires,06,Carlos Tejedor,06154,1300,100,30,300
mijo,1942,1942-1943,Buenos Aires,06,Lobería,06476,1300,,,
mijo,1942,1942-1943,Buenos Aires,06,Coronel Dorrego,06189,700,200,140,700
mijo,1942,1942-1943,Buenos Aires,06,Bahía Blanca,06056,638,100,60,600
mijo,1942,1942-1943,Buenos Aires,06,General Villegas,06392,500,50,15,300
mijo,1942,1942-1943,Buenos Aires,06,Puán,06651,450,,,
mijo,1942,1942-1943,Buenos Aires,06,Tres Arroyos,06833,446,,,
mijo,1942,1942-1943,Buenos Aires,06,Necochea,06581,300,,,
mijo,1942,1942-1943,Buenos Aires,06,Las Flores,06455,130,130,26,200
mijo,1942,1942-1943,Buenos Aires,06,General Viamonte,06385,108,70,35,500
mijo,1942,1942-1943,Buenos Aires,06,Saavedra,06700,80,30,19,600
mijo,1942,1942-1943,Buenos Aires,06,otros partidos,,80,80,71,
mijo,1942,1942-1943,Buenos Aires,06,Villarino,06875,60,,,
mijo,1942,1942-1943,Buenos Aires,06,Adolfo Gonzales Chaves,06014,52,,,
mijo,1942,1942-1943,Buenos Aires,06,Lobos,06483,50,50,45,900
mijo,1942,1942-1943,Buenos Aires,06,Monte,06547,50,50,45,900
mijo,1942,1942-1943,Buenos Aires,06,General Pinto,06351,40,,,
mijo,1942,1942-1943,Buenos Aires,06,Tornquist,06819,40,10,5,500
mijo,1942,1942-1943,Buenos Aires,06,Esteban Echeverría,06260,35,35,31.5,900
mijo,1942,1942-1943,Buenos Aires,06,Tapalqué,06798,20,20,4,200
mijo,1942,1942-1943,Buenos Aires,06,Almirante Brown,06028,15,12,10.8,900
mijo,1942,1942-1943,Buenos Aires,06,Saladillo,06707,15,15,13.5,900
mijo,1942,1942-1943,Buenos Aires,06,Cañuelas,06134,12,12,12,1000
mijo,1942,1942-1943,Buenos Aires,06,Azul,06049,10,10,2,200
mijo,1942,1942-1943,Buenos Aires,06,25 de Mayo,06854,10,10,9,900
mijo,1942,1942-1943,Buenos Aires,06,Roque Pérez,06693,5,5,4.5,900
mijo,1942,1942-1943,Buenos Aires,06,Bragado,06112,4,4,2,445
mijo,1942,1942-1943,Córdoba,14,San Justo,14140,20000,15000,15000,1000
mijo,1942,1942-1943,Córdoba,14,Juárez Celman,14056,5500,1500,1350,900
mijo,1942,1942-1943,Córdoba,14,Río Segundo,14119,3000,1000,500,500
mijo,1942,1942-1943,Córdoba,14,Río Primero,14105,2800,800,240,300
mijo,1942,1942-1943,Córdoba,14,Río Cuarto,14098,2300,300,270,900
mijo,1942,1942-1943,Córdoba,14,Presidente Roque Sáenz Peña,14084,1708,183,109,596
mijo,1942,1942-1943,Córdoba,14,General San Martín,14042,1400,500,600,1200
mijo,1942,1942-1943,Córdoba,14,General Belgrano,14007,1300,300,360,1200
mijo,1942,1942-1943,Córdoba,14,Unión,14182,1200,1000,200,200
mijo,1942,1942-1943,Córdoba,14,Calamuchita,14007,1000,400,160,400
mijo,1942,1942-1943,Córdoba,14,Santa María,14147,1000,300,120,400
mijo,1942,1942-1943,Córdoba,14,General Roca,14035,270,27,16,593
mijo,1942,1942-1943,Córdoba,14,Capital,14014,60,40,20,500
mijo,1942,1942-1943,Córdoba,14,Colón,14021,6,4,3,800
mijo,1942,1942-1943,Córdoba,14,Totoral,14168,4,3,2,700
mijo,1942,1942-1943,Córdoba,14,Ischilín,14049,2,2,1,700
mijo,1942,1942-1943,Chaco,22,Campo del Cielo,22105,200,200,182,910
mijo,1942,1942-1943,Chaco,22,Napalpí,22049,19,15,5.5,367
mijo,1942,1942-1943,Chaco,22,Río Teuco,22063,1,1,0.5,500
mijo,1942,1942-1943,Entre Ríos,30,Villaguay,30113,86,70,28,400
mijo,1942,1942-1943,Entre Ríos,30,Gualeguaychú,30056,69,,,
mijo,1942,1942-1943,Entre Ríos,30,Concordia,30015,54,40,20,500
mijo,1942,1942-1943,Entre Ríos,30,La Paz,30070,45,40,16,400
mijo,1942,1942-1943,Entre Ríos,30,Tala,30091,42,,,
mijo,1942,1942-1943,Entre Ríos,30,Feliciano,30042,35,30,12,400
mijo,1942,1942-1943,Entre Ríos,30,Gualeguay,30049,20,,,
mijo,1942,1942-1943,Entre Ríos,30,Federación,30028,6,5,2,400
mijo,1942,1942-1943,Entre Ríos,30,Colón,30008,3,3,3,1000
mijo,1942,1942-1943,Entre Ríos,30,Uruguay,30098,2,2,2,1000
mijo,1942,1942-1943,San Luis,74,Chacabuco,74028,100,50,27,540
mijo,1942,1942-1943,San Luis,74,General Pedernera,74035,80,40,24,600
mijo,1942,1942-1943,San Luis,74,Coronel Pringles,74021,76,40,24,600
mijo,1942,1942-1943,San Luis,74,Junín,74049,10,5,3,600
mijo,1942,1942-1943,San Luis,74,Capital,74056,7,3,2,633
mijo,1942,1942-1943,San Luis,74,Libertador General San Martín,74063,3,,,
mijo,1942,1942-1943,Santa Fe,82,Castellanos,82021,15000,7000,10500,1500
mijo,1942,1942-1943,Santa Fe,82,San Martín,82126,10000,5000,7500,1500
mijo,1942,1942-1943,Santa Fe,82,Las Colonias,82070,2000,500,600,1200
mijo,1942,1942-1943,Santa Fe,82,San Cristóbal,82091,1500,200,60,300
mijo,1942,1942-1943,Santa Fe,82,San Jerónimo,82105,500,100,100,1000
mijo,1942,1942-1943,Santa Fe,82,General López,82042,243,205,140,685
mijo,1942,1942-1943,Santa Fe,82,9 de Julio,82077,200,50,15,300
mijo,1942,1942-1943,Santa Fe,82,Iriondo,82056,117,108,100,925
mijo,1942,1942-1943,Santa Fe,82,Capital,82063,100,,,
mijo,1942,1942-1943,Santa Fe,82,Belgrano,82007,82,80,70,875
mijo,1942,1942-1943,Santa Fe,82,Caseros,82014,32,18,13,732
mijo,1942,1942-1943,Santa Fe,82,San Justo,82112,30,,,
mijo,1942,1942-1943,Santa Fe,82,Rosario,82084,14,14,16,1142
mijo,1942,1942-1943,Santa Fe,82,San Javier,82098,10,,,
mijo,1942,1942-1943,Santa Fe,82,San Lorenzo,82119,9,9,7,780
mijo,1942,1942-1943,Santa Fe,82,Constitución,82028,5,5,6,1200
mijo,1942,1942-1943,Santiago del Estero,86,Rivadavia,86154,300,260,182,700
mijo,1942,1942-1943,Santiago del Estero,86,Belgrano,86042,90,80,56,700
mijo,1942,1942-1943,Santiago del Estero,86,Moreno,86119,50,43,34.4,800
mijo,1942,1942-1943,Santiago del Estero,86,28 de Marzo,86077,50,45,31.5,700
mijo,1942,1942-1943,Santiago del Estero,86,La Banda,86035,10,8,6.4,800
mijo,1942,1942-1943,Santiago del Estero,86,Matará,86098,10,9,4.9,444
mijo,1942,1942-1943,Santiago del Estero,86,Robles,86161,10,8,6.4,800
mijo,1943,1943-1944,Buenos Aires,06,Adolfo Alsina,06007,5000,500,350,700
mijo,1943,1943-1944,Buenos Aires,06,Bahía Blanca,06056,700,300,240,800
mijo,1943,1943-1944,Buenos Aires,06,Puán,06651,450,100,80,800
mijo,1943,1943-1944,Buenos Aires,06,Guaminí,06399,400,50,35,700
mijo,1943,1943-1944,Buenos Aires,06,Olavarría,06595,150,70,98,1400
mijo,1943,1943-1944,Buenos Aires,06,Saavedra,06700,100,50,40,800
mijo,1943,1943-1944,Buenos Aires,06,Coronel Suárez,06203,70,30,36,1200
mijo,1943,1943-1944,Buenos Aires,06,Villarino,06875,60,20,16,800
mijo,1943,1943-1944,Buenos Aires,06,Coronel Pringles,06196,50,20,24,1200
mijo,1943,1943-1944,Buenos Aires,06,Tornquist,06819,50,25,20,800
mijo,1943,1943-1944,Buenos Aires,06,San Pedro,06770,15,12,12,1000
mijo,1943,1943-1944,Buenos Aires,06,San Nicolás,06763,10,10,12,1200
mijo,1943,1943-1944,Buenos Aires,06,Ramallo,06665,5,5,6,1200
mijo,1943,1943-1944,Córdoba,14,San Justo,14140,9899,7217,6856,950
mijo,1943,1943-1944,Córdoba,14,Río Cuarto,14098,5040,5040,5040,1000
mijo,1943,1943-1944,Córdoba,14,Río Primero,14105,4737,4337,3470,800
mijo,1943,1943-1944,Córdoba,14,Río Segundo,14119,2235,2035,1831,900
mijo,1943,1943-1944,Córdoba,14,Marcos Juárez,14063,1500,800,800,1000
mijo,1943,1943-1944,Córdoba,14,Unión,14182,1400,900,900,1000
mijo,1943,1943-1944,Córdoba,14,Santa María,14147,1124,1024,922,900
mijo,1943,1943-1944,Córdoba,14,General Belgrano,14007,900,600,600,1000
mijo,1943,1943-1944,Córdoba,14,General San Martín,14042,700,400,400,1000
mijo,1943,1943-1944,Córdoba,14,Presidente Roque Sáenz Peña,14084,600,300,300,1000
mijo,1943,1943-1944,Córdoba,14,Calamuchita,14007,482,440,396,900
mijo,1943,1943-1944,Córdoba,14,Colón,14021,460,420,420,1000
mijo,1943,1943-1944,Córdoba,14,General Roca,14035,400,300,150,500
mijo,1943,1943-1944,Córdoba,14,Capital,14014,129,119,119,1000
mijo,1943,1943-1944,Córdoba,14,Juárez Celman,14056,100,50,50,1000
mijo,1943,1943-1944,Córdoba,14,Ischilín,14049,26,24,17,700
mijo,1943,1943-1944,Córdoba,14,Río Seco,14112,25,23,14,600
mijo,1943,1943-1944,Córdoba,14,Totoral,14168,25,23,18,800
mijo,1943,1943-1944,Córdoba,14,Punilla,14091,7,6,4,700
mijo,1943,1943-1944,Córdoba,14,Cruz del Eje,14028,3,2,2,950
mijo,1943,1943-1944,La Pampa,42,Guatraché,42070,2633,,,
mijo,1943,1943-1944,La Pampa,42,Hucal,42077,562,,,
mijo,1943,1943-1944,La Pampa,42,Atreucó,42007,540,,,
mijo,1943,1943-1944,La Pampa,42,Catriló,42028,277,,,
mijo,1943,1943-1944,La Pampa,42,Utracán,42154,151,,,
mijo,1943,1943-1944,La Pampa,42,Realicó,42133,100,,,
mijo,1943,1943-1944,La Pampa,42,Conhelo,42035,60,,,
mijo,1943,1943-1944,La Pampa,42,Toay,42140,53,,,
mijo,1943,1943-1944,La Pampa,42,Loventué,42098,30,,,
mijo,1943,1943-1944,La Pampa,42,Capital,42021,18,,,
mijo,1943,1943-1944,San Luis,74,General Pedernera,74035,60,52,47,900
mijo,1943,1943-1944,San Luis,74,Libertador General San Martín,74063,30,27,32.4,1200
mijo,1943,1943-1944,San Luis,74,Chacabuco,74028,5,4.5,4.5,1000
mijo,1943,1943-1944,San Luis,74,Coronel Pringles,74021,3,2.75,3,1000
mijo,1943,1943-1944,San Luis,74,Capital,74056,1,1,1,1000
mijo,1943,1943-1944,Santa Fe,82,Las Colonias,82070,2000,500,600,1200
mijo,1943,1943-1944,Santa Fe,82,San Martín,82126,2000,2000,3000,1500
mijo,1943,1943-1944,Santa Fe,82,Castellanos,82021,1750,,,
mijo,1943,1943-1944,Santa Fe,82,San Jerónimo,82105,500,100,100,1000
mijo,1943,1943-1944,Santa Fe,82,General López,82042,270,270,310,1150
mijo,1943,1943-1944,Santa Fe,82,Capital,82063,100,,,
mijo,1943,1943-1944,Santa Fe,82,Caseros,82014,70,70,84,1200
mijo,1943,1943-1944,Santa Fe,82,Iriondo,82056,50,50,75,1500
mijo,1943,1943-1944,Santa Fe,82,San Justo,82112,30,,,
mijo,1943,1943-1944,Santa Fe,82,San Javier,82098,10,,,
mijo,1943,1943-1944,Santa Fe,82,Belgrano,82007,2,2,4,2000
mijo,1943,1943-1944,Santiago del Estero,86,Rivadavia,86154,350,325,195,600
mijo,1943,1943-1944,Santiago del Estero,86,Alberdi,86014,100,90,45,500
mijo,1943,1943-1944,Santiago del Estero,86,Moreno,86119,60,55,27,500
mijo,1943,1943-1944,Santiago del Estero,86,28 de Marzo,86077,60,47,29,617
mijo,1943,1943-1944,Santiago del Estero,86,Matará,86098,15,12,6,500
mijo,1944,1944-1945,Buenos Aires,06,Adolfo Alsina,06007,5000,700,420,600
mijo,1944,1944-1945,Buenos Aires,06,Bahía Blanca,06056,700,200,160,800
mijo,1944,1944-1945,Buenos Aires,06,Coronel Dorrego,06189,700,300,240,800
mijo,1944,1944-1945,Buenos Aires,06,Puán,06651,500,200,140,700
mijo,1944,1944-1945,Buenos Aires,06,Guaminí,06399,400,50,30,600
mijo,1944,1944-1945,Buenos Aires,06,Rivadavia,06679,400,200,400,2000
mijo,1944,1944-1945,Buenos Aires,06,Saavedra,06700,100,50,40,800
mijo,1944,1944-1945,Buenos Aires,06,Lobería,06476,96,96,79,825
mijo,1944,1944-1945,Buenos Aires,06,Tornquist,06819,50,,,
mijo,1944,1944-1945,Buenos Aires,06,Villarino,06875,50,40,24,600
mijo,1944,1944-1945,Buenos Aires,06,San Nicolás,06763,10,10,11,1100
mijo,1944,1944-1945,Buenos Aires,06,Ramallo,06665,5,5,5.5,1100
mijo,1944,1944-1945,Buenos Aires,06,San Pedro,06770,5,5,5,1000
mijo,1944,1944-1945,Córdoba,14,San Justo,14140,10500,8000,4000,500
mijo,1944,1944-1945,Córdoba,14,Río Cuarto,14098,5000,2000,900,450
mijo,1944,1944-1945,Córdoba,14,General San Martín,14042,1720,1600,1440,900
mijo,1944,1944-1945,Córdoba,14,Río Segundo,14119,1160,960,384,400
mijo,1944,1944-1945,Córdoba,14,Unión,14182,1160,1100,990,900
mijo,1944,1944-1945,Córdoba,14,Río Primero,14105,960,410,307,750
mijo,1944,1944-1945,Córdoba,14,Calamuchita,14007,400,360,324,900
mijo,1944,1944-1945,Córdoba,14,Marcos Juárez,14063,400,380,342,900
mijo,1944,1944-1945,Córdoba,14,Presidente Roque Sáenz Peña,14084,400,150,45,300
mijo,1944,1944-1945,Córdoba,14,General Roca,14035,300,,,
mijo,1944,1944-1945,Córdoba,14,General Belgrano,14007,240,220,198,900
mijo,1944,1944-1945,Córdoba,14,Juárez Celman,14056,200,100,40,400
mijo,1944,1944-1945,Córdoba,14,Santa María,14147,120,,,
mijo,1944,1944-1945,San Luis,74,General Pedernera,74035,40,30,18,600
mijo,1944,1944-1945,San Luis,74,Libertador General San Martín,74063,5,5,3,600
mijo,1944,1944-1945,San Luis,74,Chacabuco,74028,3,3,1.8,600
mijo,1944,1944-1945,San Luis,74,Coronel Pringles,74021,1,1,0.7,700
mijo,1944,1944-1945,Santa Fe,82,Castellanos,82021,13800,13800,20700,1500
mijo,1944,1944-1945,Santa Fe,82,San Martín,82126,4412,3437,4468,1300
mijo,1944,1944-1945,Santa Fe,82,San Cristóbal,82091,3400,3400,5100,1500
mijo,1944,1944-1945,Santa Fe,82,Las Colonias,82070,3021,962,962,1000
mijo,1944,1944-1945,Santa Fe,82,General López,82042,1050,1050,1050,1000
mijo,1944,1944-1945,Santa Fe,82,Caseros,82014,425,409,450,1100
mijo,1944,1944-1945,Santa Fe,82,Capital,82063,100,30,30,1000
mijo,1944,1944-1945,Santa Fe,82,Iriondo,82056,17,10,8,800
mijo,1944,1944-1945,Santiago del Estero,86,Rivadavia,86154,150,130,65,500
mijo,1944,1944-1945,Santiago del Estero,86,Belgrano,86042,120,100,60,600
mijo,1944,1944-1945,Santiago del Estero,86,28 de Marzo,86077,60,50,30,600
mijo,1945,1945-1946,Buenos Aires,06,Adolfo Alsina,06007,3500,500,100,200
mijo,1945,1945-1946,Buenos Aires,06,Coronel Dorrego,06189,800,300,240,800
mijo,1945,1945-1946,Buenos Aires,06,Bahía Blanca,06056,700,300,180,600
mijo,1945,1945-1946,Buenos Aires,06,Puán,06651,600,300,210,700
mijo,1945,1945-1946,Buenos Aires,06,Guaminí,06399,300,50,10,200
mijo,1945,1945-1946,Buenos Aires,06,Coronel Pringles,06196,100,100,90,900
mijo,1945,1945-1946,Buenos Aires,06,Tornquist,06819,100,50,30,600
mijo,1945,1945-1946,Buenos Aires,06,Balcarce,06063,80,,,
mijo,1945,1945-1946,Buenos Aires,06,Lobería,06476,60,,,
mijo,1945,1945-1946,Buenos Aires,06,Villarino,06875,50,30,18,600
mijo,1945,1945-1946,Buenos Aires,06,Rojas,06686,40,40,32,800
mijo,1945,1945-1946,Córdoba,14,San Justo,14140,38000,3800,2660,700
mijo,1945,1945-1946,Córdoba,14,Unión,14182,13000,10500,9450,900
mijo,1945,1945-1946,Córdoba,14,General San Martín,14042,10750,8250,7425,900
mijo,1945,1945-1946,Córdoba,14,Marcos Juárez,14063,7750,6950,6950,1000
mijo,1945,1945-1946,Córdoba,14,General Belgrano,14007,7270,5470,4376,800
mijo,1945,1945-1946,Córdoba,14,Río Cuarto,14098,6000,3000,1350,450
mijo,1945,1945-1946,Córdoba,14,Río Segundo,14119,1160,960,384,400
mijo,1945,1945-1946,Córdoba,14,Calamuchita,14007,1000,700,560,800
mijo,1945,1945-1946,Córdoba,14,Río Primero,14105,960,410,307,750
mijo,1945,1945-1946,Córdoba,14,Juárez Celman,14056,700,400,160,400
mijo,1945,1945-1946,Córdoba,14,Presidente Roque Sáenz Peña,14084,600,250,87,350
mijo,1945,1945-1946,Córdoba,14,General Roca,14035,500,100,30,300
mijo,1945,1945-1946,Córdoba,14,Santa María,14147,120,,,
mijo,1945,1945-1946,La Pampa,42,Conhelo,42035,500,400,200,500
mijo,1945,1945-1946,La Pampa,42,Maracó,42105,300,100,50,500
mijo,1945,1945-1946,La Pampa,42,Trenel,42147,230,180,68.4,380
mijo,1945,1945-1946,La Pampa,42,Realicó,42133,200,,,
mijo,1945,1945-1946,San Luis,74,Chacabuco,74028,40,35,35,1000
mijo,1945,1945-1946,San Luis,74,General Pedernera,74035,35,30,24,800
mijo,1945,1945-1946,San Luis,74,Libertador General San Martín,74063,15,15,12,800
mijo,1945,1945-1946,Santa Fe,82,Castellanos,82021,20000,18000,14400,800
mijo,1945,1945-1946,Santa Fe,82,San Martín,82126,18600,13000,9100,700
mijo,1945,1945-1946,Santa Fe,82,Las Colonias,82070,3800,1600,1600,1000
mijo,1945,1945-1946,Santa Fe,82,Belgrano,82007,3000,3000,2700,900
mijo,1945,1945-1946,Santa Fe,82,Iriondo,82056,1400,1400,1260,900
mijo,1945,1945-1946,Santa Fe,82,General López,82042,1050,1050,1260,1200
mijo,1945,1945-1946,Santa Fe,82,Caseros,82014,409,409,450,1100
mijo,1945,1945-1946,Santa Fe,82,Capital,82063,200,70,70,1000
mijo,1945,1945-1946,Santa Fe,82,Constitución,82028,150,135,162,1200
mijo,1945,1945-1946,Santa Fe,82,San Lorenzo,82119,90,90,81,900
mijo,1945,1945-1946,Santa Fe,82,9 de Julio,82077,20,13,11.7,900
mijo,1945,1945-1946,Santiago del Estero,86,Rivadavia,86154,500,450,270,600
mijo,1945,1945-1946,Santiago del Estero,86,Belgrano,86042,140,100,50,500
mijo,1945,1945-1946,Santiago del Estero,86,28 de Marzo,86077,60,50,30,600
mijo,1946,1946-1947,Buenos Aires,06,Junín,06413,2000,1800,1980,1100
mijo,1946,1946-1947,Buenos Aires,06,Pergamino,06623,1000,900,990,1100
mijo,1946,1946-1947,Buenos Aires,06,Rojas,06686,1000,850,850,1000
mijo,1946,1946-1947,Buenos Aires,06,General Arenales,06294,500,450,450,1000
mijo,1946,1946-1947,Buenos Aires,06,Colón,06175,300,270,270,1000
mijo,1946,1946-1947,Buenos Aires,06,Chacabuco,06210,250,230,253,1100
mijo,1946,1946-1947,Buenos Aires,06,Coronel Pringles,06196,100,70,49,700
mijo,1946,1946-1947,Buenos Aires,06,Salto,06714,100,90,90,1000
mijo,1946,1946-1947,Buenos Aires,06,San Nicolás,06763,10,,,
mijo,1946,1946-1947,Buenos Aires,06,Ramallo,06665,5,,,
mijo,1946,1946-1947,Buenos Aires,06,San Pedro,06770,5,,,
mijo,1946,1946-1947,Córdoba,14,San Justo,14140,70000,25000,10000,400
mijo,1946,1946-1947,Córdoba,14,Río Segundo,14119,15000,9000,3600,400
mijo,1946,1946-1947,Córdoba,14,Unión,14182,13000,10500,8400,800
mijo,1946,1946-1947,Córdoba,14,Marcos Juárez,14063,12500,10000,8000,800
mijo,1946,1946-1947,Córdoba,14,General San Martín,14042,11000,8000,6000,750
mijo,1946,1946-1947,Córdoba,14,General Belgrano,14007,9500,6500,4875,750
mijo,1946,1946-1947,Córdoba,14,Río Cuarto,14098,8000,4000,3200,800
mijo,1946,1946-1947,Córdoba,14,Juárez Celman,14056,6000,2000,1600,800
mijo,1946,1946-1947,Córdoba,14,Río Primero,14105,2000,1000,300,300
mijo,1946,1946-1947,Córdoba,14,Presidente Roque Sáenz Peña,14084,2000,1000,700,700
mijo,1946,1946-1947,Córdoba,14,Calamuchita,14007,1200,200,100,500
mijo,1946,1946-1947,Córdoba,14,Santa María,14147,800,100,50,500
mijo,1946,1946-1947,Córdoba,14,General Roca,14035,500,,,
mijo,1946,1946-1947,Córdoba,14,Colón,14021,350,100,60,600
mijo,1946,1946-1947,Córdoba,14,Capital,14014,200,50,35,700
mijo,1946,1946-1947,Córdoba,14,Totoral,14168,50,,,
mijo,1946,1946-1947,Córdoba,14,Tulumba,14175,40,,,
mijo,1946,1946-1947,Córdoba,14,Río Seco,14112,20,,,
mijo,1946,1946-1947,La Pampa,42,Guatraché,42070,72,47,40,850
mijo,1946,1946-1947,La Pampa,42,Utracán,42154,27,,,
mijo,1946,1946-1947,San Luis,74,Chacabuco,74028,95,50,30,600
mijo,1946,1946-1947,San Luis,74,General Pedernera,74035,20,12,7,600
mijo,1946,1946-1947,Santa Fe,82,Castellanos,82021,35000,17000,18700,1100
mijo,1946,1946-1947,Santa Fe,82,San Martín,82126,25000,16500,16500,1000
mijo,1946,1946-1947,Santa Fe,82,Caseros,82014,15600,7800,8580,1100
mijo,1946,1946-1947,Santa Fe,82,Las Colonias,82070,15000,7000,7700,1100
mijo,1946,1946-1947,Santa Fe,82,General López,82042,11545,6927,6927,1000
mijo,1946,1946-1947,Santa Fe,82,Belgrano,82007,8500,1500,1200,800
mijo,1946,1946-1947,Santa Fe,82,San Cristóbal,82091,8000,3000,2700,900
mijo,1946,1946-1947,Santa Fe,82,Iriondo,82056,7500,1500,1050,700
mijo,1946,1946-1947,Santa Fe,82,San Jerónimo,82105,5000,2800,2940,1050
mijo,1946,1946-1947,Santa Fe,82,Constitución,82028,4000,1000,800,800
mijo,1946,1946-1947,Santa Fe,82,San Lorenzo,82119,3000,500,350,700
mijo,1946,1946-1947,Santa Fe,82,Rosario,82084,600,100,80,800
mijo,1946,1946-1947,Santa Fe,82,Capital,82063,400,150,150,1000
mijo,1946,1946-1947,Santa Fe,82,9 de Julio,82077,300,180,126,700
mijo,1946,1946-1947,Santa Fe,82,San Justo,82112,200,,,
mijo,1946,1946-1947,Santa Fe,82,General Obligado,82049,20,,,
mijo,1946,1946-1947,Santiago del Estero,86,Rivadavia,86154,300,220,66,300
mijo,1946,1946-1947,Santiago del Estero,86,Belgrano,86042,120,80,32,400
mijo,1946,1946-1947,Santiago del Estero,86,28 de Marzo,86077,60,40,16,400
mijo,1947,1947-1948,Buenos Aires,06,Junín,06413,3500,3200,3200,1000
mijo,1947,1947-1948,Buenos Aires,06,General Arenales,06294,2500,2000,2000,1000
mijo,1947,1947-1948,Buenos Aires,06,Rojas,06686,2000,1500,1500,1000
mijo,1947,1947-1948,Buenos Aires,06,Leandro N. Alem,06462,1500,1300,1300,1000
mijo,1947,1947-1948,Buenos Aires,06,Pergamino,06623,1200,900,900,1000
mijo,1947,1947-1948,Buenos Aires,06,Adolfo Alsina,06007,700,574,379,660
mijo,1947,1947-1948,Buenos Aires,06,Bartolome Mitre,06077,500,450,450,1000
mijo,1947,1947-1948,Buenos Aires,06,Chacabuco,06210,300,270,270,1000
mijo,1947,1947-1948,Buenos Aires,06,Colón,06175,200,160,144,900
mijo,1947,1947-1948,Buenos Aires,06,Salto,06714,200,150,150,1000
mijo,1947,1947-1948,Buenos Aires,06,General Villegas,06392,150,78,73,940
mijo,1947,1947-1948,Buenos Aires,06,General Viamonte,06385,100,100,130,1300
mijo,1947,1947-1948,Buenos Aires,06,Ramallo,06665,100,40,24,600
mijo,1947,1947-1948,Buenos Aires,06,San Nicolás,06763,100,72,43,597
mijo,1947,1947-1948,Buenos Aires,06,San Pedro,06770,100,40,24,600
mijo,1947,1947-1948,Buenos Aires,06,General Belgrano,06301,80,80,96,1200
mijo,1947,1947-1948,Buenos Aires,06,Coronel Pringles,06196,70,15,7.5,500
mijo,1947,1947-1948,Buenos Aires,06,Baradero,06070,50,20,12,600
mijo,1947,1947-1948,Buenos Aires,06,Puán,06651,50,50,27.5,550
mijo,1947,1947-1948,Buenos Aires,06,Lincoln,06469,30,30,32,1070
mijo,1947,1947-1948,Buenos Aires,06,Tres Arroyos,06833,20,20,23,1166
mijo,1947,1947-1948,Córdoba,14,San Justo,14140,70000,56000,33600,600
mijo,1947,1947-1948,Córdoba,14,Marcos Juárez,14063,25000,21500,26875,1250
mijo,1947,1947-1948,Córdoba,14,Unión,14182,18000,16200,21060,1300
mijo,1947,1947-1948,Córdoba,14,Río Segundo,14119,16500,14355,11484,800
mijo,1947,1947-1948,Córdoba,14,General San Martín,14042,16000,13600,17000,1250
mijo,1947,1947-1948,Córdoba,14,General Belgrano,14007,12000,10200,10200,1000
mijo,1947,1947-1948,Córdoba,14,Río Cuarto,14098,12000,10800,10800,1000
mijo,1947,1947-1948,Córdoba,14,Juárez Celman,14056,9000,8100,10125,1250
mijo,1947,1947-1948,Córdoba,14,Río Primero,14105,3000,2400,1920,800
mijo,1947,1947-1948,Córdoba,14,General Roca,14035,2000,1400,1680,1200
mijo,1947,1947-1948,Córdoba,14,Presidente Roque Sáenz Peña,14084,2000,1800,1980,1100
mijo,1947,1947-1948,Córdoba,14,Calamuchita,14007,1600,1440,1152,800
mijo,1947,1947-1948,Córdoba,14,Santa María,14147,800,752,489,650
mijo,1947,1947-1948,Córdoba,14,Colón,14021,350,280,294,1050
mijo,1947,1947-1948,Córdoba,14,Capital,14014,200,200,160,800
mijo,1947,1947-1948,Córdoba,14,Totoral,14168,50,50,35,700
mijo,1947,1947-1948,Córdoba,14,Tulumba,14175,40,30,18,600
mijo,1947,1947-1948,Córdoba,14,Río Seco,14112,20,20,12,600
mijo,1947,1947-1948,La Pampa,42,Guatraché,42070,5000,2000,1200,600
mijo,1947,1947-1948,La Pampa,42,Hucal,42077,4000,1600,960,600
mijo,1947,1947-1948,La Pampa,42,Conhelo,42035,1600,1360,1034,760
mijo,1947,1947-1948,La Pampa,42,Chapaleufú,42056,1500,1200,1200,1000
mijo,1947,1947-1948,La Pampa,42,Atreucó,42007,800,400,200,500
mijo,1947,1947-1948,La Pampa,42,Trenel,42147,600,450,337.5,750
mijo,1947,1947-1948,La Pampa,42,Realicó,42133,200,140,84,600
mijo,1947,1947-1948,La Pampa,42,Maracó,42105,100,80,48,600
mijo,1947,1947-1948,La Pampa,42,Utracán,42154,10,7,3.5,500
mijo,1947,1947-1948,San Luis,74,Chacabuco,74028,170,150,225,1500
mijo,1947,1947-1948,San Luis,74,Coronel Pringles,74021,22,20,26,1300
mijo,1947,1947-1948,San Luis,74,General Pedernera,74035,20,10,12,1200
mijo,1947,1947-1948,Santa Fe,82,Castellanos,82021,32000,25600,23040,900
mijo,1947,1947-1948,Santa Fe,82,San Martín,82126,26000,22620,21489,950
mijo,1947,1947-1948,Santa Fe,82,General López,82042,16476,13181,14499,1100
mijo,1947,1947-1948,Santa Fe,82,Caseros,82014,13734,9614,10095,1050
mijo,1947,1947-1948,Santa Fe,82,Las Colonias,82070,13000,10400,10920,1050
mijo,1947,1947-1948,Santa Fe,82,Constitución,82028,6500,4225,4225,1000
mijo,1947,1947-1948,Santa Fe,82,Belgrano,82007,6000,3600,4140,1150
mijo,1947,1947-1948,Santa Fe,82,San Cristóbal,82091,6000,4000,2000,500
mijo,1947,1947-1948,Santa Fe,82,San Jerónimo,82105,6000,4800,5040,1050
mijo,1947,1947-1948,Santa Fe,82,Iriondo,82056,5000,3250,3250,1000
mijo,1947,1947-1948,Santa Fe,82,San Lorenzo,82119,2000,1500,1500,1000
mijo,1947,1947-1948,Santa Fe,82,Rosario,82084,500,200,180,900
mijo,1947,1947-1948,Santa Fe,82,Capital,82063,250,200,260,1300
mijo,1947,1947-1948,Santa Fe,82,9 de Julio,82077,250,200,120,600
mijo,1947,1947-1948,Santa Fe,82,San Justo,82112,100,50,40,800
mijo,1948,1948-1949,Buenos Aires,06,Junín,06413,1950,1800,1782,990
mijo,1948,1948-1949,Buenos Aires,06,General Arenales,06294,1500,1100,1045,950
mijo,1948,1948-1949,Buenos Aires,06,Leandro N. Alem,06462,1000,900,720,800
mijo,1948,1948-1949,Buenos Aires,06,Rojas,06686,650,600,390,650
mijo,1948,1948-1949,Buenos Aires,06,Adolfo Alsina,06007,600,300,150,660
mijo,1948,1948-1949,Buenos Aires,06,Pergamino,06623,600,500,475,950
mijo,1948,1948-1949,Buenos Aires,06,Bartolome Mitre,06077,300,270,238,881
mijo,1948,1948-1949,Buenos Aires,06,Colón,06175,150,120,84,700
mijo,1948,1948-1949,Buenos Aires,06,San Nicolás,06763,150,125,130,1040
mijo,1948,1948-1949,Buenos Aires,06,San Pedro,06770,150,125,130,1040
mijo,1948,1948-1949,Buenos Aires,06,Salto,06714,100,70,70,1000
mijo,1948,1948-1949,Buenos Aires,06,Ramallo,06665,60,45,36,800
mijo,1948,1948-1949,Buenos Aires,06,Baradero,06070,50,40,20,500
mijo,1948,1948-1949,Córdoba,14,San Justo,14140,62500,30400,15200,500
mijo,1948,1948-1949,Córdoba,14,Río Cuarto,14098,11000,4200,4200,1000
mijo,1948,1948-1949,Córdoba,14,General San Martín,14042,5000,3000,2280,760
mijo,1948,1948-1949,Córdoba,14,General Belgrano,14007,4000,2400,1800,750
mijo,1948,1948-1949,Córdoba,14,Marcos Juárez,14063,4000,2000,1500,750
mijo,1948,1948-1949,Córdoba,14,Unión,14182,3500,1900,1350,789
mijo,1948,1948-1949,Córdoba,14,Juárez Celman,14056,1500,800,760,950
mijo,1948,1948-1949,Córdoba,14,Río Primero,14105,800,770,552,717
mijo,1948,1948-1949,Córdoba,14,Presidente Roque Sáenz Peña,14084,800,300,205,683
mijo,1948,1948-1949,Córdoba,14,General Roca,14035,700,500,475,950
mijo,1948,1948-1949,Córdoba,14,Río Segundo,14119,550,520,338,650
mijo,1948,1948-1949,Córdoba,14,Calamuchita,14007,500,200,120,600
mijo,1948,1948-1949,Córdoba,14,Santa María,14147,100,,,
mijo,1948,1948-1949,La Pampa,42,Guatraché,42070,4300,2200,1100,500
mijo,1948,1948-1949,La Pampa,42,Hucal,42077,3200,2100,1260,600
mijo,1948,1948-1949,La Pampa,42,Conhelo,42035,1400,1250,800,640
mijo,1948,1948-1949,La Pampa,42,Chapaleufú,42056,1300,1100,595,541
mijo,1948,1948-1949,La Pampa,42,Atreucó,42007,700,500,250,500
mijo,1948,1948-1949,La Pampa,42,Trenel,42147,300,220,132,600
mijo,1948,1948-1949,La Pampa,42,Realicó,42133,100,80,48,600
mijo,1948,1948-1949,San Luis,74,Chacabuco,74028,170,170,178.5,1050
mijo,1948,1948-1949,San Luis,74,Coronel Pringles,74021,20,20,11.5,575
mijo,1948,1948-1949,San Luis,74,General Pedernera,74035,20,20,20,1000
mijo,1948,1948-1949,Santa Fe,82,Castellanos,82021,21000,9000,8293,921
mijo,1948,1948-1949,Santa Fe,82,San Martín,82126,19980,5600,4940,900
mijo,1948,1948-1949,Santa Fe,82,Las Colonias,82070,4000,1090,970,890
mijo,1948,1948-1949,Santa Fe,82,General López,82042,2950,2600,2135,821
mijo,1948,1948-1949,Santa Fe,82,Belgrano,82007,2000,800,480,600
mijo,1948,1948-1949,Santa Fe,82,Caseros,82014,1000,900,675,750
mijo,1948,1948-1949,Santa Fe,82,Iriondo,82056,1000,300,253,843
mijo,1948,1948-1949,Santa Fe,82,Capital,82063,200,100,85,850
mijo,1948,1948-1949,Santa Fe,82,Constitución,82028,175,150,105,700
mijo,1948,1948-1949,Santa Fe,82,San Lorenzo,82119,75,50,37,750
mijo,1948,1948-1949,Santa Fe,82,9 de Julio,82077,20,10,7,700
mijo,1948,1948-1949,Santiago del Estero,86,Rivadavia,86154,300,250,85,340
mijo,1948,1948-1949,Santiago del Estero,86,Belgrano,86042,120,80,28,350
mijo,1948,1948-1949,Santiago del Estero,86,General Taboada,86078,60,40,12,300
mijo,1949,1949-1950,Buenos Aires,06,Junín,06413,1500,1275,892,700
mijo,1949,1949-1950,Buenos Aires,06,General Arenales,06294,1000,850,595,700
mijo,1949,1949-1950,Buenos Aires,06,Leandro N. Alem,06462,1000,850,595,700
mijo,1949,1949-1950,Buenos Aires,06,Pergamino,06623,500,480,384,800
mijo,1949,1949-1950,Buenos Aires,06,Rojas,06686,400,380,304,800
mijo,1949,1949-1950,Buenos Aires,06,Bartolome Mitre,06077,300,290,232,800
mijo,1949,1949-1950,Buenos Aires,06,Chacabuco,06210,200,170,119,700
mijo,1949,1949-1950,Buenos Aires,06,San Pedro,06770,150,100,70,700
mijo,1949,1949-1950,Buenos Aires,06,Adolfo Alsina,06007,100,,,
mijo,1949,1949-1950,Buenos Aires,06,Colón,06175,100,95,76,800
mijo,1949,1949-1950,Buenos Aires,06,Salto,06714,100,95,76,800
mijo,1949,1949-1950,Buenos Aires,06,San Nicolás,06763,100,70,49,700
mijo,1949,1949-1950,Buenos Aires,06,Baradero,06070,80,60,42,700
mijo,1949,1949-1950,Buenos Aires,06,Ramallo,06665,30,25,18,720
mijo,1949,1949-1950,Córdoba,14,San Justo,14140,50000,30000,18000,600
mijo,1949,1949-1950,Córdoba,14,Río Segundo,14119,18000,12000,7200,600
mijo,1949,1949-1950,Córdoba,14,Río Cuarto,14098,5000,500,500,1000
mijo,1949,1949-1950,Córdoba,14,Unión,14182,5000,3000,2700,900
mijo,1949,1949-1950,Córdoba,14,Marcos Juárez,14063,4000,2000,2000,1000
mijo,1949,1949-1950,Córdoba,14,Juárez Celman,14056,3000,200,200,1000
mijo,1949,1949-1950,Córdoba,14,Río Primero,14105,3000,2000,1000,500
mijo,1949,1949-1950,Córdoba,14,General Belgrano,14007,2000,1000,800,800
mijo,1949,1949-1950,Córdoba,14,General San Martín,14042,1000,500,400,800
mijo,1949,1949-1950,Córdoba,14,Calamuchita,14007,800,100,100,1000
mijo,1949,1949-1950,Córdoba,14,General Roca,14035,800,,,
mijo,1949,1949-1950,Córdoba,14,Presidente Roque Sáenz Peña,14084,800,,,
mijo,1949,1949-1950,Córdoba,14,Santa María,14147,200,50,25,500
mijo,1949,1949-1950,Córdoba,14,Capital,14014,100,90,63,700
mijo,1949,1949-1950,Córdoba,14,Colón,14021,50,25,12,480
mijo,1949,1949-1950,La Pampa,42,Guatraché,42070,1000,200,120,600
mijo,1949,1949-1950,La Pampa,42,Maracó,42105,500,100,60,600
mijo,1949,1949-1950,La Pampa,42,Trenel,42147,400,80,32,400
mijo,1949,1949-1950,La Pampa,42,Conhelo,42035,300,50,25,500
mijo,1949,1949-1950,La Pampa,42,Chapaleufú,42056,150,,,
mijo,1949,1949-1950,La Pampa,42,Atreucó,42007,100,20,6,300
mijo,1949,1949-1950,San Luis,74,Chacabuco,74028,250,250,250,1000
mijo,1949,1949-1950,San Luis,74,Coronel Pringles,74021,100,100,95,950
mijo,1949,1949-1950,San Luis,74,General Pedernera,74035,40,40,34,850
mijo,1949,1949-1950,Santa Fe,82,Castellanos,82021,17000,12000,13200,1100
mijo,1949,1949-1950,Santa Fe,82,San Martín,82126,8500,5000,4000,800
mijo,1949,1949-1950,Santa Fe,82,Las Colonias,82070,4500,3000,3600,1200
mijo,1949,1949-1950,Santa Fe,82,San Cristóbal,82091,2400,1000,400,400
mijo,1949,1949-1950,Santa Fe,82,Caseros,82014,2300,2070,1242,600
mijo,1949,1949-1950,Santa Fe,82,General López,82042,1800,1620,1134,700
mijo,1949,1949-1950,Santa Fe,82,Belgrano,82007,1200,350,245,700
mijo,1949,1949-1950,Santa Fe,82,San Jerónimo,82105,1000,600,480,800
mijo,1949,1949-1950,Santa Fe,82,Iriondo,82056,800,250,175,700
mijo,1949,1949-1950,Santa Fe,82,Constitución,82028,500,150,90,600
mijo,1949,1949-1950,Santa Fe,82,San Lorenzo,82119,500,150,105,700
mijo,1949,1949-1950,Santa Fe,82,9 de Julio,82077,450,100,30,300
mijo,1949,1949-1950,Santa Fe,82,Capital,82063,250,150,135,900
mijo,1949,1949-1950,Santa Fe,82,Rosario,82084,250,50,30,600
mijo,1949,1949-1950,Santa Fe,82,San Justo,82112,50,,,
mijo,1950,1950-1951,Buenos Aires,06,Junín,06413,1500,1275,1020,800
mijo,1950,1950-1951,Buenos Aires,06,General Arenales,06294,1000,850,680,800
mijo,1950,1950-1951,Buenos Aires,06,Leandro N. Alem,06462,1000,900,720,800
mijo,1950,1950-1951,Buenos Aires,06,Pergamino,06623,500,450,360,800
mijo,1950,1950-1951,Buenos Aires,06,Rojas,06686,400,360,288,800
mijo,1950,1950-1951,Buenos Aires,06,Bartolome Mitre,06077,300,285,228,800
mijo,1950,1950-1951,Buenos Aires,06,Chacabuco,06210,250,225,337,1498
mijo,1950,1950-1951,Buenos Aires,06,Colón,06175,100,90,72,800
mijo,1950,1950-1951,Buenos Aires,06,Salto,06714,100,90,72,800
mijo,1950,1950-1951,Buenos Aires,06,San Pedro,06770,100,95,95,1000
mijo,1950,1950-1951,Buenos Aires,06,San Nicolás,06763,50,50,50,1000
mijo,1950,1950-1951,Buenos Aires,06,Baradero,06070,40,40,40,1000
mijo,1950,1950-1951,Córdoba,14,San Justo,14140,60000,51000,35700,700
mijo,1950,1950-1951,Córdoba,14,Río Segundo,14119,25000,20000,12000,600
mijo,1950,1950-1951,Córdoba,14,Marcos Juárez,14063,10000,9900,12882,1300
mijo,1950,1950-1951,Córdoba,14,Unión,14182,10000,9700,10670,1100
mijo,1950,1950-1951,Córdoba,14,General Belgrano,14007,6000,5000,4000,800
mijo,1950,1950-1951,Córdoba,14,Río Cuarto,14098,5000,1500,1650,1100
mijo,1950,1950-1951,Córdoba,14,Río Primero,14105,5000,4000,2000,500
mijo,1950,1950-1951,Córdoba,14,General San Martín,14042,4000,3500,3150,900
mijo,1950,1950-1951,Córdoba,14,Juárez Celman,14056,3000,1000,1000,1000
mijo,1950,1950-1951,Córdoba,14,General Roca,14035,900,100,90,900
mijo,1950,1950-1951,Córdoba,14,Presidente Roque Sáenz Peña,14084,900,330,300,909
mijo,1950,1950-1951,Córdoba,14,Calamuchita,14007,800,200,200,1000
mijo,1950,1950-1951,Córdoba,14,Capital,14014,120,70,42,600
mijo,1950,1950-1951,Córdoba,14,Colón,14021,80,50,20,400
mijo,1950,1950-1951,La Pampa,42,Chapaleufú,42056,700,500,300,600
mijo,1950,1950-1951,La Pampa,42,Conhelo,42035,350,100,30,300
mijo,1950,1950-1951,La Pampa,42,Trenel,42147,150,70,28,400
mijo,1950,1950-1951,San Luis,74,Chacabuco,74028,300,200,140,700
mijo,1950,1950-1951,San Luis,74,Coronel Pringles,74021,130,100,70,700
mijo,1950,1950-1951,San Luis,74,General Pedernera,74035,70,70,49,700
mijo,1950,1950-1951,Santa Fe,82,Castellanos,82021,33000,21600,17840,826
mijo,1950,1950-1951,Santa Fe,82,San Martín,82126,15000,10000,12000,1200
mijo,1950,1950-1951,Santa Fe,82,Las Colonias,82070,11000,6500,7800,1200
mijo,1950,1950-1951,Santa Fe,82,General López,82042,4700,3995,3995,1000
mijo,1950,1950-1951,Santa Fe,82,Caseros,82014,4000,3400,3740,1100
mijo,1950,1950-1951,Santa Fe,82,San Cristóbal,82091,4000,2000,800,400
mijo,1950,1950-1951,Santa Fe,82,San Jerónimo,82105,1800,1100,1540,1400
mijo,1950,1950-1951,Santa Fe,82,Belgrano,82007,1600,500,300,600
mijo,1950,1950-1951,Santa Fe,82,Constitución,82028,1500,500,325,650
mijo,1950,1950-1951,Santa Fe,82,Iriondo,82056,1400,400,240,600
mijo,1950,1950-1951,Santa Fe,82,San Lorenzo,82119,1000,300,195,650
mijo,1950,1950-1951,Santa Fe,82,9 de Julio,82077,400,200,100,500
mijo,1950,1950-1951,Santa Fe,82,Capital,82063,300,200,220,1100
mijo,1950,1950-1951,Santa Fe,82,Rosario,82084,300,100,70,700
mijo,1950,1950-1951,Santa Fe,82,San Justo,82112,100,,,
mijo,1951,1951-1952,Buenos Aires,06,Junín,06413,1500,1350,1215,900
mijo,1951,1951-1952,Buenos Aires,06,General Arenales,06294,1000,900,855,950
mijo,1951,1951-1952,Buenos Aires,06,Leandro N. Alem,06462,1000,700,560,800
mijo,1951,1951-1952,Buenos Aires,06,Chacabuco,06210,950,100,49,490
mijo,1951,1951-1952,Buenos Aires,06,Bartolome Mitre,06077,500,300,240,800
mijo,1951,1951-1952,Buenos Aires,06,Pergamino,06623,500,250,200,800
mijo,1951,1951-1952,Buenos Aires,06,Rojas,06686,400,250,200,800
mijo,1951,1951-1952,Buenos Aires,06,Colón,06175,100,50,35,700
mijo,1951,1951-1952,Buenos Aires,06,Salto,06714,100,50,40,800
mijo,1951,1951-1952,Córdoba,14,San Justo,14140,85000,25500,14025,550
mijo,1951,1951-1952,Córdoba,14,Marcos Juárez,14063,76000,42000,27300,650
mijo,1951,1951-1952,Córdoba,14,Unión,14182,58000,23000,14950,650
mijo,1951,1951-1952,Córdoba,14,General Belgrano,14007,45000,27000,21600,800
mijo,1951,1951-1952,Córdoba,14,Río Cuarto,14098,33000,21000,21000,1000
mijo,1951,1951-1952,Córdoba,14,Río Segundo,14119,27500,8250,5775,700
mijo,1951,1951-1952,Córdoba,14,General San Martín,14042,25000,10000,6000,600
mijo,1951,1951-1952,Córdoba,14,Juárez Celman,14056,15000,10000,8000,800
mijo,1951,1951-1952,Córdoba,14,Río Primero,14105,5000,1500,750,500
mijo,1951,1951-1952,Córdoba,14,Calamuchita,14007,3000,2700,3510,1300
mijo,1951,1951-1952,Córdoba,14,Presidente Roque Sáenz Peña,14084,3000,300,150,500
mijo,1951,1951-1952,Córdoba,14,General Roca,14035,920,200,70,350
mijo,1951,1951-1952,Córdoba,14,Santa María,14147,550,100,80,800
mijo,1951,1951-1952,Córdoba,14,Capital,14014,130,30,21,700
mijo,1951,1951-1952,Córdoba,14,Colón,14021,120,20,12,600
mijo,1951,1951-1952,La Pampa,42,Hucal,42077,3500,1500,420,280
mijo,1951,1951-1952,La Pampa,42,Guatraché,42070,500,300,120,400
mijo,1951,1951-1952,San Luis,74,Chacabuco,74028,300,150,150,1000
mijo,1951,1951-1952,San Luis,74,Coronel Pringles,74021,150,90,54,600
mijo,1951,1951-1952,San Luis,74,General Pedernera,74035,100,70,49,700
mijo,1951,1951-1952,Santa Fe,82,Castellanos,82021,48000,32000,33600,1050
mijo,1951,1951-1952,Santa Fe,82,San Martín,82126,32000,19000,11400,6000
mijo,1951,1951-1952,Santa Fe,82,Las Colonias,82070,15600,10000,10000,1000
mijo,1951,1951-1952,Santa Fe,82,General López,82042,12000,9600,6720,700
mijo,1951,1951-1952,Santa Fe,82,Caseros,82014,8000,6400,5120,800
mijo,1951,1951-1952,Santa Fe,82,San Cristóbal,82091,7000,2000,1200,600
mijo,1951,1951-1952,Santa Fe,82,Constitución,82028,6600,4600,3450,750
mijo,1951,1951-1952,Santa Fe,82,Belgrano,82007,6200,4400,3080,700
mijo,1951,1951-1952,Santa Fe,82,San Jerónimo,82105,5500,3000,2100,700
mijo,1951,1951-1952,Santa Fe,82,Iriondo,82056,3400,2400,1680,700
mijo,1951,1951-1952,Santa Fe,82,San Lorenzo,82119,2000,1400,1050,750
mijo,1951,1951-1952,Santa Fe,82,Rosario,82084,1200,800,640,800
mijo,1951,1951-1952,Santa Fe,82,San Justo,82112,500,200,120,600
mijo,1951,1951-1952,Santa Fe,82,Capital,82063,400,200,160,800
mijo,1951,1951-1952,Santa Fe,82,9 de Julio,82077,400,100,50,500
mijo,1952,1952-1953,Buenos Aires,06,General Arenales,06294,500,450,360,800
mijo,1952,1952-1953,Buenos Aires,06,Junín,06413,500,450,360,800
mijo,1952,1952-1953,Buenos Aires,06,Pergamino,06623,360,345,517.5,1500
mijo,1952,1952-1953,Buenos Aires,06,Chacabuco,06210,345,300,300,1000
mijo,1952,1952-1953,Buenos Aires,06,Rojas,06686,260,250,375,1500
mijo,1952,1952-1953,Buenos Aires,06,General Pinto,06351,250,200,160,800
mijo,1952,1952-1953,Buenos Aires,06,Chascomús,06218,220,95,60,632
mijo,1952,1952-1953,Buenos Aires,06,Ramallo,06665,200,170,136,800
mijo,1952,1952-1953,Buenos Aires,06,San Nicolás,06763,200,170,136,800
mijo,1952,1952-1953,Buenos Aires,06,Leandro N. Alem,06462,150,150,120,800
mijo,1952,1952-1953,Buenos Aires,06,Salto,06714,130,125,187.5,1500
mijo,1952,1952-1953,Buenos Aires,06,Colón,06175,90,87,130.5,1500
mijo,1952,1952-1953,Buenos Aires,06,Bartolome Mitre,06077,55,53,79.5,1500
mijo,1952,1952-1953,Buenos Aires,06,San Pedro,06770,50,45,38,844
mijo,1952,1952-1953,Córdoba,14,San Justo,14140,90000,54000,27000,500
mijo,1952,1952-1953,Córdoba,14,Marcos Juárez,14063,60000,48000,38400,800
mijo,1952,1952-1953,Córdoba,14,Unión,14182,46000,36000,25200,700
mijo,1952,1952-1953,Córdoba,14,General Belgrano,14007,38000,32000,32000,1000
mijo,1952,1952-1953,Córdoba,14,Río Segundo,14119,30000,18000,9000,500
mijo,1952,1952-1953,Córdoba,14,Río Cuarto,14098,28000,20000,30000,1500
mijo,1952,1952-1953,Córdoba,14,General San Martín,14042,20000,17000,15300,900
mijo,1952,1952-1953,Córdoba,14,Juárez Celman,14056,12000,9000,13500,1500
mijo,1952,1952-1953,Córdoba,14,Río Primero,14105,6500,4500,2250,500
mijo,1952,1952-1953,Córdoba,14,Presidente Roque Sáenz Peña,14084,3000,2500,2750,1100
mijo,1952,1952-1953,Córdoba,14,Calamuchita,14007,2500,1900,3040,1600
mijo,1952,1952-1953,Córdoba,14,General Roca,14035,920,800,800,1000
mijo,1952,1952-1953,Córdoba,14,Santa María,14147,550,200,180,900
mijo,1952,1952-1953,Córdoba,14,Capital,14014,100,10,10,1000
mijo,1952,1952-1953,Córdoba,14,Colón,14021,50,10,10,1000
mijo,1952,1952-1953,La Pampa,42,Conhelo,42035,1000,,,
mijo,1952,1952-1953,La Pampa,42,Chapaleufú,42056,700,,,
mijo,1952,1952-1953,La Pampa,42,Trenel,42147,400,,,
mijo,1952,1952-1953,San Luis,74,Chacabuco,74028,400,200,160,800
mijo,1952,1952-1953,San Luis,74,Coronel Pringles,74021,200,100,80,800
mijo,1952,1952-1953,San Luis,74,General Pedernera,74035,150,70,60,857
mijo,1952,1952-1953,Santa Fe,82,Castellanos,82021,39000,23000,27600,1200
mijo,1952,1952-1953,Santa Fe,82,San Martín,82126,26000,19000,22800,1200
mijo,1952,1952-1953,Santa Fe,82,General López,82042,15000,10500,8400,800
mijo,1952,1952-1953,Santa Fe,82,Las Colonias,82070,13500,8500,9350,1100
mijo,1952,1952-1953,Santa Fe,82,Caseros,82014,8700,6100,4880,800
mijo,1952,1952-1953,Santa Fe,82,San Cristóbal,82091,6200,2000,1400,700
mijo,1952,1952-1953,Santa Fe,82,San Jerónimo,82105,5000,3500,4200,1200
mijo,1952,1952-1953,Santa Fe,82,Iriondo,82056,3500,2600,2470,950
mijo,1952,1952-1953,Santa Fe,82,San Lorenzo,82119,2900,2000,1800,900
mijo,1952,1952-1953,Santa Fe,82,Constitución,82028,2700,1800,1710,950
mijo,1952,1952-1953,Santa Fe,82,Belgrano,82007,2500,1800,1620,900
mijo,1952,1952-1953,Santa Fe,82,Rosario,82084,700,600,540,900
mijo,1952,1952-1953,Santa Fe,82,Capital,82063,600,400,480,1200
mijo,1952,1952-1953,Santa Fe,82,San Justo,82112,500,300,330,1100
mijo,1952,1952-1953,Santa Fe,82,9 de Julio,82077,300,100,60,600
mijo,1953,1953-1954,Buenos Aires,06,Adolfo Alsina,06007,1000,100,60,600
mijo,1953,1953-1954,Buenos Aires,06,Guaminí,06399,1000,,,
mijo,1953,1953-1954,Buenos Aires,06,Puán,06651,660,591,234,396
mijo,1953,1953-1954,Buenos Aires,06,Caseros,06840,500,,,
mijo,1953,1953-1954,Buenos Aires,06,Bolívar,06105,300,,,
mijo,1953,1953-1954,Buenos Aires,06,25 de Mayo,06854,300,,,
mijo,1953,1953-1954,Buenos Aires,06,Pergamino,06623,250,240,360,1500
mijo,1953,1953-1954,Buenos Aires,06,General Arenales,06294,200,150,150,1000
mijo,1953,1953-1954,Buenos Aires,06,Junín,06413,200,150,150,1000
mijo,1953,1953-1954,Buenos Aires,06,Ramallo,06665,200,190,190,1000
mijo,1953,1953-1954,Buenos Aires,06,San Nicolás,06763,200,190,190,1000
mijo,1953,1953-1954,Buenos Aires,06,Rojas,06686,150,145,217,1497
mijo,1953,1953-1954,Buenos Aires,06,General Pinto,06351,100,90,90,1000
mijo,1953,1953-1954,Buenos Aires,06,Patagones,06602,100,90,36,400
mijo,1953,1953-1954,Buenos Aires,06,Salto,06714,100,96,144,1500
mijo,1953,1953-1954,Buenos Aires,06,Colón,06175,60,58,87,1500
mijo,1953,1953-1954,Buenos Aires,06,Bartolome Mitre,06077,50,48,72,1500
mijo,1953,1953-1954,Buenos Aires,06,Leandro N. Alem,06462,50,50,50,1000
mijo,1953,1953-1954,Buenos Aires,06,San Pedro,06770,50,50,50,1000
mijo,1953,1953-1954,Córdoba,14,San Justo,14140,30000,15000,6750,450
mijo,1953,1953-1954,Córdoba,14,General Belgrano,14007,20000,18000,14400,800
mijo,1953,1953-1954,Córdoba,14,Marcos Juárez,14063,20000,18000,14400,800
mijo,1953,1953-1954,Córdoba,14,Unión,14182,18000,16000,11200,700
mijo,1953,1953-1954,Córdoba,14,Río Segundo,14119,15000,8000,3200,400
mijo,1953,1953-1954,Córdoba,14,General San Martín,14042,10000,9000,7200,800
mijo,1953,1953-1954,Córdoba,14,Río Cuarto,14098,8000,3000,3300,1100
mijo,1953,1953-1954,Córdoba,14,Juárez Celman,14056,3000,1000,1100,1100
mijo,1953,1953-1954,Córdoba,14,Río Primero,14105,3000,2000,1000,500
mijo,1953,1953-1954,Córdoba,14,Calamuchita,14007,1000,300,330,1100
mijo,1953,1953-1954,Córdoba,14,Presidente Roque Sáenz Peña,14084,1000,500,350,700
mijo,1953,1953-1954,Córdoba,14,General Roca,14035,600,300,210,700
mijo,1953,1953-1954,Córdoba,14,Santa María,14147,500,400,256,640
mijo,1953,1953-1954,Córdoba,14,Capital,14014,50,40,20,500
mijo,1953,1953-1954,Córdoba,14,Colón,14021,10,7,4,571
mijo,1953,1953-1954,La Pampa,42,Guatraché,42070,2000,1800,144,80
mijo,1953,1953-1954,La Pampa,42,Conhelo,42035,1000,650,356,548
mijo,1953,1953-1954,La Pampa,42,Chapaleufú,42056,700,400,220,550
mijo,1953,1953-1954,La Pampa,42,Hucal,42077,500,400,320,800
mijo,1953,1953-1954,La Pampa,42,Trenel,42147,500,300,180,600
mijo,1953,1953-1954,San Luis,74,Chacabuco,74028,400,200,100,500
mijo,1953,1953-1954,San Luis,74,General Pedernera,74035,300,150,75,500
mijo,1953,1953-1954,San Luis,74,Coronel Pringles,74021,200,100,55,550
mijo,1953,1953-1954,Santa Fe,82,Castellanos,82021,13400,10600,15900,1500
mijo,1953,1953-1954,Santa Fe,82,San Martín,82126,8500,6500,8450,1300
mijo,1953,1953-1954,Santa Fe,82,Las Colonias,82070,6000,4800,7200,1500
mijo,1953,1953-1954,Santa Fe,82,San Cristóbal,82091,5550,1100,880,800
mijo,1953,1953-1954,Santa Fe,82,General López,82042,2600,1100,550,500
mijo,1953,1953-1954,Santa Fe,82,San Jerónimo,82105,1400,1100,1430,1300
mijo,1953,1953-1954,Santa Fe,82,Belgrano,82007,1200,500,400,800
mijo,1953,1953-1954,Santa Fe,82,Caseros,82014,1000,400,200,500
mijo,1953,1953-1954,Santa Fe,82,Constitución,82028,1000,400,360,900
mijo,1953,1953-1954,Santa Fe,82,Iriondo,82056,800,300,255,850
mijo,1953,1953-1954,Santa Fe,82,Capital,82063,700,450,450,1000
mijo,1953,1953-1954,Santa Fe,82,San Lorenzo,82119,700,300,255,850
mijo,1953,1953-1954,Santa Fe,82,9 de Julio,82077,600,100,60,600
mijo,1953,1953-1954,Santa Fe,82,San Justo,82112,350,150,150,1000
mijo,1953,1953-1954,Santa Fe,82,Rosario,82084,300,100,90,900
mijo,1954,1954-1955,Buenos Aires,06,Puán,06651,660,500,200,400
mijo,1954,1954-1955,Buenos Aires,06,Pergamino,06623,200,160,146,913
mijo,1954,1954-1955,Buenos Aires,06,Ramallo,06665,200,200,200,1000
mijo,1954,1954-1955,Buenos Aires,06,San Nicolás,06763,200,200,200,1000
mijo,1954,1954-1955,Buenos Aires,06,Patagones,06602,100,50,20,400
mijo,1954,1954-1955,Buenos Aires,06,Rojas,06686,100,80,72,900
mijo,1954,1954-1955,Buenos Aires,06,Salto,06714,60,50,45,900
mijo,1954,1954-1955,Buenos Aires,06,Bartolome Mitre,06077,50,40,36,900
mijo,1954,1954-1955,Buenos Aires,06,San Pedro,06770,50,50,50,1000
mijo,1954,1954-1955,Buenos Aires,06,Colón,06175,40,35,31,886
mijo,1954,1954-1955,Córdoba,14,Marcos Juárez,14063,25000,21000,18900,900
mijo,1954,1954-1955,Córdoba,14,Tercero Arriba,14161,25000,22500,18000,800
mijo,1954,1954-1955,Córdoba,14,Unión,14182,24000,19000,15200,800
mijo,1954,1954-1955,Córdoba,14,San Justo,14140,20000,17000,10200,600
mijo,1954,1954-1955,Córdoba,14,General San Martín,14042,12000,10200,9180,900
mijo,1954,1954-1955,Córdoba,14,Río Segundo,14119,11000,9000,5400,600
mijo,1954,1954-1955,Córdoba,14,Río Cuarto,14098,8000,5000,6500,1300
mijo,1954,1954-1955,Córdoba,14,Juárez Celman,14056,3000,2000,2600,1300
mijo,1954,1954-1955,Córdoba,14,Río Primero,14105,2000,1500,750,500
mijo,1954,1954-1955,Córdoba,14,Calamuchita,14007,1000,700,910,1300
mijo,1954,1954-1955,Córdoba,14,Presidente Roque Sáenz Peña,14084,1000,500,500,1000
mijo,1954,1954-1955,Córdoba,14,General Roca,14035,600,300,300,1000
mijo,1954,1954-1955,Córdoba,14,Santa María,14147,500,450,540,1200
mijo,1954,1954-1955,La Pampa,42,Guatraché,42070,2000,800,480,600
mijo,1954,1954-1955,La Pampa,42,Conhelo,42035,1000,400,280,700
mijo,1954,1954-1955,La Pampa,42,Chapaleufú,42056,700,300,240,800
mijo,1954,1954-1955,La Pampa,42,Hucal,42077,500,200,120,600
mijo,1954,1954-1955,La Pampa,42,Trenel,42147,500,300,210,700
mijo,1954,1954-1955,San Luis,74,Chacabuco,74028,400,120,85,708
mijo,1954,1954-1955,San Luis,74,General Pedernera,74035,300,90,63,700
mijo,1954,1954-1955,San Luis,74,Coronel Pringles,74021,200,60,42,700
mijo,1954,1954-1955,Santa Fe,82,Castellanos,82021,22000,10000,13000,1300
mijo,1954,1954-1955,Santa Fe,82,San Martín,82126,15000,6000,7800,1300
mijo,1954,1954-1955,Santa Fe,82,Las Colonias,82070,6000,3500,4200,1200
mijo,1954,1954-1955,Santa Fe,82,San Cristóbal,82091,4800,1500,1050,700
mijo,1954,1954-1955,Santa Fe,82,General López,82042,2600,2100,1470,700
mijo,1954,1954-1955,Santa Fe,82,Caseros,82014,2500,2000,1600,800
mijo,1954,1954-1955,Santa Fe,82,San Jerónimo,82105,2200,1000,1300,1300
mijo,1954,1954-1955,Santa Fe,82,Belgrano,82007,800,550,440,800
mijo,1954,1954-1955,Santa Fe,82,Constitución,82028,500,350,280,800
mijo,1954,1954-1955,Santa Fe,82,Capital,82063,500,200,140,700
mijo,1954,1954-1955,Santa Fe,82,9 de Julio,82077,500,100,60,600
mijo,1954,1954-1955,Santa Fe,82,San Justo,82112,500,150,120,800
mijo,1954,1954-1955,Santa Fe,82,Iriondo,82056,400,300,240,800
mijo,1954,1954-1955,Santa Fe,82,San Lorenzo,82119,300,200,160,800
mijo,1954,1954-1955,Santa Fe,82,Rosario,82084,200,150,120,800
mijo,1955,1955-1956,Buenos Aires,06,Puán,06651,800,100,50,500
mijo,1955,1955-1956,Buenos Aires,06,General Arenales,06294,400,400,400,1000
mijo,1955,1955-1956,Buenos Aires,06,Junín,06413,350,350,350,1000
mijo,1955,1955-1956,Buenos Aires,06,Chacabuco,06210,300,300,300,1000
mijo,1955,1955-1956,Buenos Aires,06,Pergamino,06623,200,197,295.5,1500
mijo,1955,1955-1956,Buenos Aires,06,Ramallo,06665,200,190,180.5,950
mijo,1955,1955-1956,Buenos Aires,06,San Nicolás,06763,200,190,180.5,950
mijo,1955,1955-1956,Buenos Aires,06,General Pinto,06351,150,150,150,1000
mijo,1955,1955-1956,Buenos Aires,06,Leandro N. Alem,06462,100,100,100,1000
mijo,1955,1955-1956,Buenos Aires,06,Patagones,06602,100,,,
mijo,1955,1955-1956,Buenos Aires,06,Rojas,06686,100,99,148.5,1500
mijo,1955,1955-1956,Buenos Aires,06,Salto,06714,60,60,90,1500
mijo,1955,1955-1956,Buenos Aires,06,Bartolome Mitre,06077,50,50,75,1500
mijo,1955,1955-1956,Buenos Aires,06,San Pedro,06770,50,50,50,1000
mijo,1955,1955-1956,Buenos Aires,06,Colón,06175,40,40,60,1500
mijo,1955,1955-1956,Córdoba,14,San Justo,14140,35000,30000,18000,600
mijo,1955,1955-1956,Córdoba,14,Tercero Arriba,14161,25000,20000,24000,1200
mijo,1955,1955-1956,Córdoba,14,Marcos Juárez,14063,22000,21000,27300,1300
mijo,1955,1955-1956,Córdoba,14,Unión,14182,18000,16000,19200,1200
mijo,1955,1955-1956,Córdoba,14,General San Martín,14042,14000,12600,20160,1600
mijo,1955,1955-1956,Córdoba,14,Río Segundo,14119,14000,11900,15470,1300
mijo,1955,1955-1956,Córdoba,14,Río Cuarto,14098,10000,9000,13500,1500
mijo,1955,1955-1956,Córdoba,14,Juárez Celman,14056,5000,4000,5600,1400
mijo,1955,1955-1956,Córdoba,14,Presidente Roque Sáenz Peña,14084,3500,2500,2750,1100
mijo,1955,1955-1956,Córdoba,14,Río Primero,14105,2500,2000,1200,600
mijo,1955,1955-1956,Córdoba,14,General Roca,14035,1300,900,900,1000
mijo,1955,1955-1956,Córdoba,14,Calamuchita,14007,1000,900,1080,1200
mijo,1955,1955-1956,Córdoba,14,Santa María,14147,1000,900,900,1000
mijo,1955,1955-1956,La Pampa,42,Guatraché,42070,800,250,125,500
mijo,1955,1955-1956,La Pampa,42,Conhelo,42035,600,150,90,600
mijo,1955,1955-1956,La Pampa,42,Hucal,42077,500,150,80,533
mijo,1955,1955-1956,La Pampa,42,Chapaleufú,42056,400,100,60,600
mijo,1955,1955-1956,La Pampa,42,Trenel,42147,400,100,55,550